2, 12, 3.4000000000e-07, 3.5294117647e+07
3, 27, 8.8000000000e-07, 3.0681818182e+07
4, 48, 5.6000000000e-07, 8.5714285714e+07
5, 75, 7.6000000000e-07, 9.8684210526e+07
6, 108, 9.4000000000e-07, 1.1489361702e+08
7, 147, 1.1600000000e-06, 1.2672413793e+08
8, 192, 1.4200000000e-06, 1.3521126761e+08
9, 243, 1.7200000000e-06, 1.4127906977e+08
10, 300, 2.0200000000e-06, 1.4851485149e+08
11, 363, 2.4000000000e-06, 1.5125000000e+08
12, 432, 3.0400000000e-06, 1.4210526316e+08
13, 507, 3.5000000000e-06, 1.4485714286e+08
14, 588, 3.9600000000e-06, 1.4848484848e+08
15, 675, 4.5200000000e-06, 1.4933628319e+08
16, 768, 5.1200000000e-06, 1.5000000000e+08
17, 867, 5.0400000000e-06, 1.7202380952e+08
18, 972, 5.1600000000e-06, 1.8837209302e+08
19, 1083, 5.7000000000e-06, 1.9000000000e+08
20, 1200, 6.2600000000e-06, 1.9169329073e+08
21, 1323, 6.8600000000e-06, 1.9285714286e+08
22, 1452, 7.4400000000e-06, 1.9516129032e+08
23, 1587, 8.1400000000e-06, 1.9496314496e+08
24, 1728, 8.8000000000e-06, 1.9636363636e+08
25, 1875, 9.4800000000e-06, 1.9778481013e+08
26, 2028, 1.0220000000e-05, 1.9843444227e+08
27, 2187, 1.0980000000e-05, 1.9918032787e+08
28, 2352, 1.1740000000e-05, 2.0034071550e+08
29, 2523, 1.2160000000e-05, 2.0748355263e+08
30, 2700, 1.1380000000e-05, 2.3725834798e+08
31, 2883, 1.2220000000e-05, 2.3592471358e+08
32, 3072, 1.2880000000e-05, 2.3850931677e+08
33, 3267, 1.6240000000e-05, 2.0116995074e+08
34, 3468, 1.4420000000e-05, 2.4049930652e+08
35, 3675, 2.6080000000e-05, 1.4091257669e+08
36, 3888, 4.8180000000e-05, 8.0697384807e+07
37, 4107, 2.1060000000e-05, 1.9501424501e+08
38, 4332, 1.5780000000e-05, 2.7452471483e+08
39, 4563, 1.6220000000e-05, 2.8131935882e+08
40, 4800, 1.7220000000e-05, 2.7874564460e+08
41, 5043, 1.7980000000e-05, 2.8047830923e+08
42, 5292, 1.8920000000e-05, 2.7970401691e+08
43, 5547, 1.7920000000e-05, 3.0954241071e+08
44, 5808, 2.2320000000e-05, 2.6021505376e+08
45, 6075, 1.9180000000e-05, 3.1673618352e+08
46, 6348, 1.9880000000e-05, 3.1931589537e+08
47, 6627, 2.0820000000e-05, 3.1829971182e+08
48, 6912, 2.1840000000e-05, 3.1648351648e+08
49, 7203, 2.1540000000e-05, 3.3440111421e+08
50, 7500, 2.1000000000e-05, 3.5714285714e+08
51, 7803, 2.1840000000e-05, 3.5728021978e+08
52, 8112, 2.2580000000e-05, 3.5925597874e+08
53, 8427, 2.3340000000e-05, 3.6105398458e+08
54, 8748, 3.0920000000e-05, 2.8292367400e+08
55, 9075, 5.8420000000e-05, 1.5534063677e+08
56, 9408, 3.6240000000e-05, 2.5960264901e+08
57, 9747, 3.1460000000e-05, 3.0982199619e+08
58, 10092, 2.7260000000e-05, 3.7021276596e+08
59, 10443, 2.7740000000e-05, 3.7645998558e+08
60, 10800, 2.8520000000e-05, 3.7868162693e+08
61, 11163, 2.9520000000e-05, 3.7815040650e+08
62, 11532, 3.2980000000e-05, 3.4966646452e+08
63, 11907, 3.3180000000e-05, 3.5886075949e+08
64, 12288, 3.2680000000e-05, 3.7600979192e+08
65, 12675, 4.0040000000e-05, 3.1655844156e+08
66, 13068, 3.8520000000e-05, 3.3925233645e+08
67, 13467, 4.5280000000e-05, 2.9741607774e+08
68, 13872, 6.5920000000e-05, 2.1043689320e+08
69, 14283, 3.7800000000e-05, 3.7785714286e+08
70, 14700, 3.8960000000e-05, 3.7731006160e+08
71, 15123, 4.3300000000e-05, 3.4926096998e+08
72, 15552, 4.1060000000e-05, 3.7876278617e+08
73, 15987, 4.2200000000e-05, 3.7883886256e+08
74, 16428, 4.3320000000e-05, 3.7922437673e+08
75, 16875, 5.1140000000e-05, 3.2997653500e+08
76, 17328, 4.6560000000e-05, 3.7216494845e+08
77, 17787, 8.8720000000e-05, 2.0048467087e+08
78, 18252, 4.9120000000e-05, 3.7157980456e+08
79, 18723, 4.9300000000e-05, 3.7977687627e+08
80, 19200, 5.0720000000e-05, 3.7854889590e+08
81, 19683, 5.5820000000e-05, 3.5261554998e+08
82, 20172, 6.0180000000e-05, 3.3519441675e+08
83, 20667, 5.5300000000e-05, 3.7372513562e+08
84, 21168, 5.9500000000e-05, 3.5576470588e+08
85, 21675, 7.4080000000e-05, 2.9258909287e+08
86, 22188, 6.3900000000e-05, 3.4723004695e+08
87, 22707, 7.6520000000e-05, 2.9674594877e+08
88, 23232, 7.6440000000e-05, 3.0392464678e+08
89, 23763, 6.7520000000e-05, 3.5194016588e+08
90, 24300, 7.0880000000e-05, 3.4283295711e+08
91, 24843, 7.7520000000e-05, 3.2047213622e+08
92, 25392, 7.2360000000e-05, 3.5091210614e+08
93, 25947, 7.2780000000e-05, 3.5651277824e+08
94, 26508, 7.7060000000e-05, 3.4399169478e+08
95, 27075, 7.1280000000e-05, 3.7984006734e+08
96, 27648, 7.2640000000e-05, 3.8061674009e+08
97, 28227, 8.1560000000e-05, 3.4608876900e+08
98, 28812, 8.6980000000e-05, 3.3124856289e+08
99, 29403, 7.7200000000e-05, 3.8086787565e+08
100, 30000, 8.6280000000e-05, 3.4770514604e+08
101, 30603, 8.0320000000e-05, 3.8101344622e+08
102, 31212, 8.2240000000e-05, 3.7952334630e+08
103, 31827, 9.9180000000e-05, 3.2090139141e+08
104, 32448, 8.8700000000e-05, 3.6581736189e+08
105, 33075, 9.3960000000e-05, 3.5201149425e+08
106, 33708, 8.8320000000e-05, 3.8165760870e+08
107, 34347, 9.1180000000e-05, 3.7669445054e+08
108, 34992, 1.0516000000e-04, 3.3275009509e+08
109, 35643, 9.3340000000e-05, 3.8186200986e+08
110, 36300, 1.0234000000e-04, 3.5470001954e+08
111, 36963, 1.0376000000e-04, 3.5623554356e+08
112, 37632, 1.0176000000e-04, 3.6981132075e+08
113, 38307, 1.2496000000e-04, 3.0655409731e+08
114, 38988, 1.2000000000e-04, 3.2490000000e+08
115, 39675, 1.1264000000e-04, 3.5222833807e+08
116, 40368, 1.2122000000e-04, 3.3301435407e+08
117, 41067, 1.1692000000e-04, 3.5124016421e+08
118, 41772, 1.1860000000e-04, 3.5220910624e+08
119, 42483, 1.2054000000e-04, 3.5243902439e+08
120, 43200, 1.2232000000e-04, 3.5317200785e+08
121, 43923, 1.2496000000e-04, 3.5149647887e+08
122, 44652, 1.1690000000e-04, 3.8196749358e+08
123, 45387, 1.2962000000e-04, 3.5015429718e+08
124, 46128, 1.2792000000e-04, 3.6060037523e+08
125, 46875, 1.2802000000e-04, 3.6615372598e+08
126, 47628, 1.2454000000e-04, 3.8243134736e+08
127, 48387, 1.3942000000e-04, 3.4705924545e+08
128, 49152, 1.2936000000e-04, 3.7996289425e+08
129, 49923, 1.3872000000e-04, 3.5988321799e+08
130, 50700, 1.3732000000e-04, 3.6921060297e+08
131, 51483, 1.5286000000e-04, 3.3679837760e+08
132, 52272, 1.5024000000e-04, 3.4792332268e+08
133, 53067, 1.4060000000e-04, 3.7743243243e+08
134, 53868, 1.5302000000e-04, 3.5203241406e+08
135, 54675, 1.7090000000e-04, 3.1992393212e+08
136, 55488, 1.7070000000e-04, 3.2506151142e+08
137, 56307, 1.6066000000e-04, 3.5047304867e+08
138, 57132, 1.6060000000e-04, 3.5574097136e+08
139, 57963, 1.5820000000e-04, 3.6639064475e+08
140, 58800, 1.6214000000e-04, 3.6264956211e+08
141, 59643, 1.6864000000e-04, 3.5367054080e+08
142, 60492, 1.6244000000e-04, 3.7239596159e+08
143, 61347, 1.5982000000e-04, 3.8385058190e+08
144, 62208, 1.7914000000e-04, 3.4725912694e+08
145, 63075, 1.6472000000e-04, 3.8292253521e+08
146, 63948, 1.8100000000e-04, 3.5330386740e+08
147, 64827, 1.9598000000e-04, 3.3078375344e+08
148, 65712, 1.7166000000e-04, 3.8280321566e+08
149, 66603, 1.7600000000e-04, 3.7842613636e+08
150, 67500, 1.8368000000e-04, 3.6748693380e+08
151, 68403, 1.8168000000e-04, 3.7650264201e+08
152, 69312, 1.8768000000e-04, 3.6930946292e+08
153, 70227, 1.8628000000e-04, 3.7699699377e+08
154, 71148, 1.8812000000e-04, 3.7820540081e+08
155, 72075, 2.0922000000e-04, 3.4449383424e+08
156, 73008, 1.9360000000e-04, 3.7710743802e+08
157, 73947, 2.0616000000e-04, 3.5868742724e+08
158, 74892, 2.0094000000e-04, 3.7270827113e+08
159, 75843, 2.0040000000e-04, 3.7845808383e+08
160, 76800, 2.1308000000e-04, 3.6042800826e+08
161, 77763, 2.1146000000e-04, 3.6774330843e+08
162, 78732, 2.2172000000e-04, 3.5509651813e+08
163, 79707, 2.1418000000e-04, 3.7214959380e+08
164, 80688, 2.1768000000e-04, 3.7067254686e+08
165, 81675, 2.3902000000e-04, 3.4170780688e+08
166, 82668, 2.2628000000e-04, 3.6533498321e+08
167, 83667, 2.2258000000e-04, 3.7589630695e+08
168, 84672, 2.3498000000e-04, 3.6033704996e+08
169, 85683, 2.2562000000e-04, 3.7976686464e+08
170, 86700, 2.3580000000e-04, 3.6768447837e+08
171, 87723, 2.3574000000e-04, 3.7211758717e+08
172, 88752, 2.3824000000e-04, 3.7253190060e+08
173, 89787, 2.5016000000e-04, 3.5891829229e+08
174, 90828, 2.4006000000e-04, 3.7835541115e+08
175, 91875, 2.6388000000e-04, 3.4816962256e+08
176, 92928, 2.5734000000e-04, 3.6110981581e+08
177, 93987, 2.7012000000e-04, 3.4794535762e+08
178, 95052, 2.9010000000e-04, 3.2765253361e+08
179, 96123, 2.5080000000e-04, 3.8326555024e+08
180, 97200, 3.0404000000e-04, 3.1969477700e+08
181, 98283, 3.1162000000e-04, 3.1539374880e+08
182, 99372, 2.6310000000e-04, 3.7769669327e+08
183, 100467, 2.6160000000e-04, 3.8404816514e+08
184, 101568, 2.7118000000e-04, 3.7454089535e+08
185, 102675, 2.9098000000e-04, 3.5285930304e+08
186, 103788, 2.7642000000e-04, 3.7547210766e+08
187, 104907, 3.0338000000e-04, 3.4579405366e+08
188, 106032, 2.8454000000e-04, 3.7264356505e+08
189, 107163, 3.0704000000e-04, 3.4901967170e+08
190, 108300, 3.1956000000e-04, 3.3890349230e+08
191, 109443, 3.0450000000e-04, 3.5941871921e+08
192, 110592, 3.3142000000e-04, 3.3369138857e+08
193, 111747, 2.9508000000e-04, 3.7870069134e+08
194, 112908, 2.9474000000e-04, 3.8307660989e+08
195, 114075, 3.1029980000e-04, 3.6762833879e+08
196, 115248, 3.1898000000e-04, 3.6130164901e+08
197, 116427, 3.1560000000e-04, 3.6890684411e+08
198, 117612, 3.2554000000e-04, 3.6128279167e+08
199, 118803, 3.3748000000e-04, 3.5202974991e+08
200, 120000, 3.2115980000e-04, 3.7364576762e+08
201, 121203, 3.3970000000e-04, 3.5679423020e+08
202, 122412, 3.4052000000e-04, 3.5948549278e+08
203, 123627, 3.7890000000e-04, 3.2627870150e+08
204, 124848, 3.4358000000e-04, 3.6337388672e+08
205, 126075, 3.8970000000e-04, 3.2351809084e+08
206, 127308, 3.4712000000e-04, 3.6675501268e+08
207, 128547, 3.4812000000e-04, 3.6926059979e+08
208, 129792, 3.5347980000e-04, 3.6718364105e+08
209, 131043, 3.7950000000e-04, 3.4530434783e+08
210, 132300, 3.6220000000e-04, 3.6526780784e+08
211, 133563, 3.5858000000e-04, 3.7247755034e+08
212, 134832, 3.7715980000e-04, 3.5749303081e+08
213, 136107, 3.7874000000e-04, 3.5936790410e+08
214, 137388, 3.9816000000e-04, 3.4505726341e+08
215, 138675, 4.4858000000e-04, 3.0914218200e+08
216, 139968, 3.9067980000e-04, 3.5826781932e+08
217, 141267, 4.3010000000e-04, 3.2845152290e+08
218, 142572, 4.0384000000e-04, 3.5304080824e+08
219, 143883, 4.4224000000e-04, 3.2535048842e+08
220, 145200, 4.1300000000e-04, 3.5157384988e+08
221, 146523, 4.4302000000e-04, 3.3073676132e+08
222, 147852, 5.2698000000e-04, 2.8056472731e+08
223, 149187, 6.0652000000e-04, 2.4597210315e+08
224, 150528, 4.6256000000e-04, 3.2542372881e+08
225, 151875, 4.3410000000e-04, 3.4986178300e+08
226, 153228, 4.7176000000e-04, 3.2480074614e+08
227, 154587, 4.2306000000e-04, 3.6540207063e+08
228, 155952, 4.0866000000e-04, 3.8161797093e+08
229, 157323, 4.1900000000e-04, 3.7547255370e+08
230, 158700, 4.6344000000e-04, 3.4243915070e+08
231, 160083, 4.4142000000e-04, 3.6265461465e+08
232, 161472, 4.5682000000e-04, 3.5346963793e+08
233, 162867, 4.5456000000e-04, 3.5829593453e+08
234, 164268, 4.3796000000e-04, 3.7507534935e+08
235, 165675, 4.5852000000e-04, 3.6132556922e+08
236, 167088, 4.4714000000e-04, 3.7368162097e+08
237, 168507, 4.4304000000e-04, 3.8034263272e+08
238, 169932, 5.1132000000e-04, 3.3233982633e+08
239, 171363, 5.3600000000e-04, 3.1970708955e+08
240, 172800, 5.0842000000e-04, 3.3987648008e+08
241, 174243, 4.8318000000e-04, 3.6061716131e+08
242, 175692, 4.7970000000e-04, 3.6625390869e+08
243, 177147, 4.7662000000e-04, 3.7167345055e+08
244, 178608, 4.7200000000e-04, 3.7840677966e+08
245, 180075, 4.8976000000e-04, 3.6768008821e+08
246, 181548, 4.9848000000e-04, 3.6420317766e+08
247, 183027, 5.5010000000e-04, 3.3271586984e+08
248, 184512, 5.4876000000e-04, 3.3623441942e+08
249, 186003, 5.1550000000e-04, 3.6082056256e+08
250, 187500, 4.9086000000e-04, 3.8198264271e+08
251, 189003, 7.9138000000e-04, 2.3882711213e+08
252, 190512, 5.6338000000e-04, 3.3815896908e+08
253, 192027, 6.2488000000e-04, 3.0730220202e+08
254, 193548, 5.5650000000e-04, 3.4779514825e+08
255, 195075, 5.3864000000e-04, 3.6216211199e+08
256, 196608, 5.3734000000e-04, 3.6589124204e+08
257, 198147, 5.1836000000e-04, 3.8225750444e+08
258, 199692, 5.4732000000e-04, 3.6485419864e+08
259, 201243, 6.1231980000e-04, 3.2865669214e+08
260, 202800, 5.4618000000e-04, 3.7130616280e+08
261, 204363, 5.4784000000e-04, 3.7303409755e+08
262, 205932, 5.6462000000e-04, 3.6472671886e+08
263, 207507, 5.9670000000e-04, 3.4775766717e+08
264, 209088, 5.6336000000e-04, 3.7114456120e+08
265, 210675, 6.2306000000e-04, 3.3812955414e+08
266, 212268, 6.3894000000e-04, 3.3221898770e+08
267, 213867, 5.9456000000e-04, 3.5970633746e+08
268, 215472, 6.1006000000e-04, 3.5319804609e+08
269, 217083, 6.7818000000e-04, 3.2009643457e+08
270, 218700, 6.1366000000e-04, 3.5638627253e+08
271, 220323, 6.5664000000e-04, 3.3553088450e+08
272, 221952, 6.2806000000e-04, 3.5339298793e+08
273, 223587, 7.0104000000e-04, 3.1893615200e+08
274, 225228, 6.4090000000e-04, 3.5142455921e+08
275, 226875, 6.2078000000e-04, 3.6546763749e+08
276, 228528, 6.6620000000e-04, 3.4303212249e+08
277, 230187, 6.3038000000e-04, 3.6515593769e+08
278, 231852, 6.4315980000e-04, 3.6048894847e+08
279, 233523, 6.5824000000e-04, 3.5476877735e+08
280, 235200, 6.4646000000e-04, 3.6382761501e+08
281, 236883, 6.9726000000e-04, 3.3973410206e+08
282, 238572, 6.9270000000e-04, 3.4440883499e+08
283, 240267, 6.4866000000e-04, 3.7040514291e+08
284, 241968, 7.6646000000e-04, 3.1569553532e+08
285, 243675, 6.8212000000e-04, 3.5723186536e+08
286, 245388, 6.9208000000e-04, 3.5456594613e+08
287, 247107, 6.7396000000e-04, 3.6664935604e+08
288, 248832, 7.2488000000e-04, 3.4327336939e+08
289, 250563, 6.9568000000e-04, 3.6016990570e+08
290, 252300, 7.2308000000e-04, 3.4892404713e+08
291, 254043, 7.6190000000e-04, 3.3343352146e+08
292, 255792, 7.0038000000e-04, 3.6521888118e+08
293, 257547, 6.9894000000e-04, 3.6848227316e+08
294, 259308, 6.9972000000e-04, 3.7058823529e+08
295, 261075, 8.1204000000e-04, 3.2150509827e+08
296, 262848, 7.1344000000e-04, 3.6842341332e+08
297, 264627, 8.8278000000e-04, 2.9976551349e+08
298, 266412, 7.5324000000e-04, 3.5368806755e+08
299, 268203, 7.7063980000e-04, 3.4802640611e+08
300, 270000, 7.8254000000e-04, 3.4503028599e+08
301, 271803, 7.6002000000e-04, 3.5762611510e+08
302, 273612, 7.7022000000e-04, 3.5523876295e+08
303, 275427, 7.7536000000e-04, 3.5522466983e+08
304, 277248, 7.2985980000e-04, 3.7986473567e+08
305, 279075, 7.7288000000e-04, 3.6108451506e+08
306, 280908, 7.8164000000e-04, 3.5938283609e+08
307, 282747, 9.0920000000e-04, 3.1098438187e+08
308, 284592, 7.8984000000e-04, 3.6031601337e+08
309, 286443, 9.0976000000e-04, 3.1485556630e+08
310, 288300, 7.9596000000e-04, 3.6220413086e+08
311, 290163, 8.0132000000e-04, 3.6210627465e+08
312, 292032, 8.1598000000e-04, 3.5789112478e+08
313, 293907, 9.0003980000e-04, 3.2654889262e+08
314, 295788, 8.9112000000e-04, 3.3192835982e+08
315, 297675, 8.8186000000e-04, 3.3755357993e+08
316, 299568, 8.7568000000e-04, 3.4209756989e+08
317, 301467, 8.4768000000e-04, 3.5563774066e+08
318, 303372, 8.9880000000e-04, 3.3753004005e+08
319, 305283, 8.5644000000e-04, 3.5645579375e+08
320, 307200, 8.9742000000e-04, 3.4231463529e+08
321, 309123, 8.3704000000e-04, 3.6930493166e+08
322, 311052, 8.8358000000e-04, 3.5203603522e+08
323, 312987, 8.9678000000e-04, 3.4901202079e+08
324, 314928, 8.6486000000e-04, 3.6413754827e+08
325, 316875, 9.5294000000e-04, 3.3252355867e+08
326, 318828, 9.0500000000e-04, 3.5229613260e+08
327, 320787, 8.8491980000e-04, 3.6250403709e+08
328, 322752, 9.0567980000e-04, 3.5636435747e+08
329, 324723, 8.6024000000e-04, 3.7747954059e+08
330, 326700, 8.9232000000e-04, 3.6612426036e+08
331, 328683, 9.0612000000e-04, 3.6273672361e+08
332, 330672, 9.1616000000e-04, 3.6093258819e+08
333, 332667, 1.0246600000e-03, 3.2466086312e+08
334, 334668, 9.4540000000e-04, 3.5399619209e+08
335, 336675, 1.0588598000e-03, 3.1795994144e+08
336, 338688, 9.9960000000e-04, 3.3882352941e+08
337, 340707, 9.3692000000e-04, 3.6364577552e+08
338, 342732, 9.2374000000e-04, 3.7102647931e+08
339, 344763, 1.0446600000e-03, 3.3002412268e+08
340, 346800, 1.0693600000e-03, 3.2430612703e+08
341, 348843, 9.7967980000e-04, 3.5607858813e+08
342, 350892, 9.4536000000e-04, 3.7117288652e+08
343, 352947, 9.7310000000e-04, 3.6270373035e+08
344, 355008, 9.7236000000e-04, 3.6509934592e+08
345, 357075, 1.0351598000e-03, 3.4494674156e+08
346, 359148, 1.0203600000e-03, 3.5198165353e+08
347, 361227, 1.0791600000e-03, 3.3472978984e+08
348, 363312, 9.9234000000e-04, 3.6611645202e+08
349, 365403, 1.0581400000e-03, 3.4532576030e+08
350, 367500, 1.0741200000e-03, 3.4214054296e+08
351, 369603, 1.0953800000e-03, 3.3741989081e+08
352, 371712, 1.0643400000e-03, 3.4924178364e+08
353, 373827, 1.2652000000e-03, 2.9546870060e+08
354, 375948, 1.0492000000e-03, 3.5831871902e+08
355, 378075, 1.1198200000e-03, 3.3762122484e+08
356, 380208, 1.1126200000e-03, 3.4172313998e+08
357, 382347, 1.1028800000e-03, 3.4668050921e+08
358, 384492, 1.1392400000e-03, 3.3749868333e+08
359, 386643, 1.1385600000e-03, 3.3958948145e+08
360, 388800, 1.1141400000e-03, 3.4896871129e+08
361, 390963, 1.1378000000e-03, 3.4361311303e+08
362, 393132, 1.1013800000e-03, 3.5694492364e+08
363, 395307, 1.1344400000e-03, 3.4846003314e+08
364, 397488, 1.2118800000e-03, 3.2799287058e+08
365, 399675, 1.1074200000e-03, 3.6090643116e+08
366, 401868, 1.0881000000e-03, 3.6933002481e+08
367, 404067, 1.1460600000e-03, 3.5257054604e+08
368, 406272, 1.3173000000e-03, 3.0841266226e+08
369, 408483, 1.1795800000e-03, 3.4629529154e+08
370, 410700, 1.1895000000e-03, 3.4527112232e+08
371, 412923, 1.1561200000e-03, 3.5716275127e+08
372, 415152, 1.1981000000e-03, 3.4650863868e+08
373, 417387, 1.1583800000e-03, 3.6031958425e+08
374, 419628, 1.2728000000e-03, 3.2968887492e+08
375, 421875, 1.4202600000e-03, 2.9704068269e+08
376, 424128, 1.3648798000e-03, 3.1074384719e+08
377, 426387, 1.2908800000e-03, 3.3030723228e+08
378, 428652, 1.2019998000e-03, 3.5661569994e+08
379, 430923, 1.1859800000e-03, 3.6334761126e+08
380, 433200, 1.2274000000e-03, 3.5294117647e+08
381, 435483, 1.2103800000e-03, 3.5979031379e+08
382, 437772, 1.2216800000e-03, 3.5833606182e+08
383, 440067, 1.4459200000e-03, 3.0435086312e+08
384, 442368, 1.3436600000e-03, 3.2922614352e+08
385, 444675, 1.2870798000e-03, 3.4549139844e+08
386, 446988, 1.2337400000e-03, 3.6230324055e+08
387, 449307, 1.3373400000e-03, 3.3597065817e+08
388, 451632, 1.4129800000e-03, 3.1963085111e+08
389, 453963, 1.2921198000e-03, 3.5133197402e+08
390, 456300, 1.2957400000e-03, 3.5215398151e+08
391, 458643, 1.3492800000e-03, 3.3991684454e+08
392, 460992, 1.3928400000e-03, 3.3097268889e+08
393, 463347, 1.3413400000e-03, 3.4543590738e+08
394, 465708, 1.3429600000e-03, 3.4677726812e+08
395, 468075, 1.5901400000e-03, 2.9436087389e+08
396, 470448, 1.5037598000e-03, 3.1284783647e+08
397, 472827, 1.4750398000e-03, 3.2055202849e+08
398, 475212, 1.3670000000e-03, 3.4763130944e+08
399, 477603, 1.3986400000e-03, 3.4147672024e+08
400, 480000, 1.3225600000e-03, 3.6293249456e+08
401, 482403, 1.3698600000e-03, 3.5215496474e+08
402, 484812, 1.4370400000e-03, 3.3736847965e+08
403, 487227, 1.4192800000e-03, 3.4329166902e+08
404, 489648, 1.4143800000e-03, 3.4619267806e+08
405, 492075, 1.3689600000e-03, 3.5945170056e+08
406, 494508, 1.3883000000e-03, 3.5619678744e+08
407, 496947, 1.4472402000e-03, 3.4337561933e+08
408, 499392, 1.5338202000e-03, 3.2558705382e+08
409, 501843, 1.5186600000e-03, 3.3045118723e+08
410, 504300, 1.6377002000e-03, 3.0793181805e+08
411, 506763, 1.3896800000e-03, 3.6466164872e+08
412, 509232, 1.4934400000e-03, 3.4097921577e+08
413, 511707, 1.4944600000e-03, 3.4240260696e+08
414, 514188, 1.4684000000e-03, 3.5016889131e+08
415, 516675, 1.5429800000e-03, 3.3485528004e+08
416, 519168, 1.5236200000e-03, 3.4074638033e+08
417, 521667, 1.5209800000e-03, 3.4298084130e+08
418, 524172, 1.5542400000e-03, 3.3725293391e+08
419, 526683, 1.7011602000e-03, 3.0960223499e+08
420, 529200, 1.4660200000e-03, 3.6097734001e+08
421, 531723, 1.5805000000e-03, 3.3642708004e+08
422, 534252, 1.5668202000e-03, 3.4097849900e+08
423, 536787, 1.6079000000e-03, 3.3384352261e+08
424, 539328, 1.5612602000e-03, 3.4544402016e+08
425, 541875, 1.7599600000e-03, 3.0789052024e+08
426, 544428, 1.4642400000e-03, 3.7181609572e+08
427, 546987, 1.5872402000e-03, 3.4461513765e+08
428, 549552, 1.5629000000e-03, 3.5162326444e+08
429, 552123, 1.6050602000e-03, 3.4398896689e+08
430, 554700, 1.5722402000e-03, 3.5280868661e+08
431, 557283, 1.6192600000e-03, 3.4415906031e+08
432, 559872, 1.6165800000e-03, 3.4633114353e+08
433, 562467, 1.7890002000e-03, 3.1440298330e+08
434, 565068, 1.6487800000e-03, 3.4271885879e+08
435, 567675, 1.6979400000e-03, 3.3433160182e+08
436, 570288, 1.6147202000e-03, 3.5318069347e+08
437, 572907, 1.6933400000e-03, 3.3832957351e+08
438, 575532, 1.7034000000e-03, 3.3787249031e+08
439, 578163, 1.6969200000e-03, 3.4071317446e+08
440, 580800, 1.6800200000e-03, 3.4571017012e+08
441, 583443, 1.7292802000e-03, 3.3739066694e+08
442, 586092, 1.7193000000e-03, 3.4088989705e+08
443, 588747, 1.7092200000e-03, 3.4445361042e+08
444, 591408, 1.7499600000e-03, 3.3795515326e+08
445, 594075, 1.7864400000e-03, 3.3254685296e+08
446, 596748, 1.7653400000e-03, 3.3803573249e+08
447, 599427, 1.8604200000e-03, 3.2219982585e+08
448, 602112, 1.8666402000e-03, 3.2256457350e+08
449, 604803, 1.8012600000e-03, 3.3576663003e+08
450, 607500, 1.8257200000e-03, 3.3274543742e+08
451, 610203, 1.8406002000e-03, 3.3152392355e+08
452, 612912, 1.8067000000e-03, 3.3924392539e+08
453, 615627, 1.8812400000e-03, 3.2724532755e+08
454, 618348, 1.9331400000e-03, 3.1986715913e+08
455, 621075, 1.7873200000e-03, 3.4748953741e+08
456, 623808, 1.7828800000e-03, 3.4988782195e+08
457, 626547, 1.9943600000e-03, 3.1415942959e+08
458, 629292, 1.9765000000e-03, 3.1838704781e+08
459, 632043, 1.8370400000e-03, 3.4405511039e+08
460, 634800, 1.8012202000e-03, 3.5242775980e+08
461, 637563, 1.8045200000e-03, 3.5331445481e+08
462, 640332, 1.8787002000e-03, 3.4083777710e+08
463, 643107, 1.8905602000e-03, 3.4016742762e+08
464, 645888, 1.8736200000e-03, 3.4472731931e+08
465, 648675, 1.9293802000e-03, 3.3620900639e+08
466, 651468, 1.8492802000e-03, 3.5228193110e+08
467, 654267, 2.0711000000e-03, 3.1590314326e+08
468, 657072, 1.9109000000e-03, 3.4385472814e+08
469, 659883, 1.9427602000e-03, 3.3966260993e+08
470, 662700, 1.9000602000e-03, 3.4877842292e+08
471, 665523, 1.9499600000e-03, 3.4130084720e+08
472, 668352, 1.9406602000e-03, 3.4439413969e+08
473, 671187, 2.0021600000e-03, 3.3523145003e+08
474, 674028, 2.0428800000e-03, 3.2994008459e+08
475, 676875, 2.0026800000e-03, 3.3798460064e+08
476, 679728, 2.1487602000e-03, 3.1633497307e+08
477, 682587, 2.0566202000e-03, 3.3189745000e+08
478, 685452, 2.0571000000e-03, 3.3321277527e+08
479, 688323, 2.2540200000e-03, 3.0537572870e+08
480, 691200, 2.0525402000e-03, 3.3675345311e+08
481, 694083, 2.0261400000e-03, 3.4256418609e+08
482, 696972, 2.0499400000e-03, 3.3999629257e+08
483, 699867, 2.3088402000e-03, 3.0312491960e+08
484, 702768, 2.0142000000e-03, 3.4890676199e+08
485, 705675, 2.1499200000e-03, 3.2823314356e+08
486, 708588, 2.0904600000e-03, 3.3896271634e+08
487, 711507, 2.0614202000e-03, 3.4515379252e+08
488, 714432, 2.2603202000e-03, 3.1607557195e+08
489, 717363, 2.0403400000e-03, 3.5158993109e+08
490, 720300, 2.1670200000e-03, 3.3239194839e+08
491, 723243, 2.2247400000e-03, 3.2509102187e+08
492, 726192, 2.1590400000e-03, 3.3634948866e+08
493, 729147, 2.1969400000e-03, 3.3189208627e+08
494, 732108, 2.2464000000e-03, 3.2590277778e+08
495, 735075, 2.2890200000e-03, 3.2113087697e+08
496, 738048, 2.1498600000e-03, 3.4330049399e+08
497, 741027, 2.2773600000e-03, 3.2538860786e+08
498, 744012, 2.2342400000e-03, 3.3300451160e+08
499, 747003, 2.2495000000e-03, 3.3207512781e+08
500, 750000, 2.2714800000e-03, 3.3018120344e+08
501, 753003, 2.3492402000e-03, 3.2053044214e+08
502, 756012, 2.2940000000e-03, 3.2956059285e+08
503, 759027, 2.4877200000e-03, 3.0510949785e+08
504, 762048, 2.4449402000e-03, 3.1168369680e+08
505, 765075, 2.2070402000e-03, 3.4665204558e+08
506, 768108, 2.2484600000e-03, 3.4161514992e+08
507, 771147, 2.2157400000e-03, 3.4803135747e+08
508, 774192, 2.3225200000e-03, 3.3334137058e+08
509, 777243, 2.4386400000e-03, 3.1871986025e+08
510, 780300, 2.3236002000e-03, 3.3581508557e+08
511, 783363, 2.2740400000e-03, 3.4448074792e+08
512, 786432, 2.3845400000e-03, 3.2980449059e+08
